<!-- Notepad++ syntax definitions for CASAL2; This is auto generated from the QuickReference.py script do not edit -->
<!-- ============================================================================================================= -->
<NotepadPlus>
    <UserLang name="Casal2" ext="csl2" udlVersion="2.1">
        <Settings>
            <Global caseIgnored="yes" allowFoldOfComments="no" foldCompact="no" forcePureLC="0" decimalSeparator="0" />
            <Prefix Keywords1="no" Keywords2="no" Keywords3="no" Keywords4="no" Keywords5="no" Keywords6="no" Keywords7="no" Keywords8="no" />
        </Settings>
        <KeywordLists>
            <Keywords name="Comments">00# 01 02 03/* 04*/</Keywords>
            <Keywords name="Numbers, prefix1"></Keywords>
            <Keywords name="Numbers, prefix2"></Keywords>
            <Keywords name="Numbers, extras1"></Keywords>
            <Keywords name="Numbers, extras2"></Keywords>
            <Keywords name="Numbers, suffix1"></Keywords>
            <Keywords name="Numbers, suffix2"></Keywords>
            <Keywords name="Numbers, range"></Keywords>
            <Keywords name="Operators1">-+*/~%^;|=$:!_&lt;&gt;</Keywords>
            <Keywords name="Operators2"></Keywords>
            <Keywords name="Folders in code1, open"></Keywords>
            <Keywords name="Folders in code1, middle"></Keywords>
            <Keywords name="Folders in code1, close"></Keywords>
            <Keywords name="Folders in code2, open"></Keywords>
            <Keywords name="Folders in code2, middle"></Keywords>
            <Keywords name="Folders in code2, close"></Keywords>
            <Keywords name="Folders in comment, open"></Keywords>
            <Keywords name="Folders in comment, middle"></Keywords>
            <Keywords name="Folders in comment, close"></Keywords>
            <Keywords name="Keywords1">@Additional_Prior&#x000D;&#x000A;@Age_Length&#x000D;&#x000A;@Ageing_Error&#x000D;&#x000A;@Assert&#x000D;&#x000A;@Catchability&#x000D;&#x000A;@Categories&#x000D;&#x000A;@Derived_Quantity&#x000D;&#x000A;@Estimate&#x000D;&#x000A;@Estimate_Transformation&#x000D;&#x000A;@Initialisation_Phase&#x000D;&#x000A;@Length_Weight&#x000D;&#x000A;@Likelihood&#x000D;&#x000A;@MCMC&#x000D;&#x000A;@Minimiser&#x000D;&#x000A;@Model&#x000D;&#x000A;@Observation&#x000D;&#x000A;@Penalty&#x000D;&#x000A;@Process&#x000D;&#x000A;@Profile&#x000D;&#x000A;@Project&#x000D;&#x000A;@Report&#x000D;&#x000A;@Selectivity&#x000D;&#x000A;@Simulate&#x000D;&#x000A;@Time_Step&#x000D;&#x000A;@Time_Varying&#x000D;&#x000A;</Keywords>
            <Keywords name="Keywords2">ADOLC&#x000D;&#x000A;Abundance&#x000D;&#x000A;Addressable&#x000D;&#x000A;Age&#x000D;&#x000A;Age_Length&#x000D;&#x000A;Ageing&#x000D;&#x000A;Ageing_Error_Matrix&#x000D;&#x000A;All_Values&#x000D;&#x000A;All_Values_Bounded&#x000D;&#x000A;Annual_Shift&#x000D;&#x000A;Average_Difference&#x000D;&#x000A;Basic&#x000D;&#x000A;Beta&#x000D;&#x000A;Beta_Diff&#x000D;&#x000A;Binomial&#x000D;&#x000A;Binomial_Approx&#x000D;&#x000A;Biomass&#x000D;&#x000A;Catchability&#x000D;&#x000A;Category_Info&#x000D;&#x000A;Category_List&#x000D;&#x000A;Cinitial&#x000D;&#x000A;Constant&#x000D;&#x000A;ConstantMock&#x000D;&#x000A;Correlation_Matrix&#x000D;&#x000A;Covariance_Matrix&#x000D;&#x000A;DESolver&#x000D;&#x000A;Data&#x000D;&#x000A;Default_Reports&#x000D;&#x000A;Delta_Diff&#x000D;&#x000A;Derived&#x000D;&#x000A;Derived_Quantity&#x000D;&#x000A;Dirichlet&#x000D;&#x000A;Double_Exponential&#x000D;&#x000A;Double_Normal&#x000D;&#x000A;Element_Difference&#x000D;&#x000A;Empirical_Sampling&#x000D;&#x000A;Equation_Test&#x000D;&#x000A;Estimate_Summary&#x000D;&#x000A;Estimate_Value&#x000D;&#x000A;Estimation_Result&#x000D;&#x000A;Exogenous&#x000D;&#x000A;Free&#x000D;&#x000A;Gamma_Diff&#x000D;&#x000A;Hamiltonian_Monte_Carlo&#x000D;&#x000A;Hessian_Matrix&#x000D;&#x000A;Increasing&#x000D;&#x000A;Independence_Metropolis&#x000D;&#x000A;Initialisation_Partition&#x000D;&#x000A;Initialisation_Partition_Mean_Weight&#x000D;&#x000A;Inverse&#x000D;&#x000A;Inverse_Logistic&#x000D;&#x000A;Iterative&#x000D;&#x000A;Knife_Edge&#x000D;&#x000A;Linear&#x000D;&#x000A;Load_Partition&#x000D;&#x000A;Log&#x000D;&#x000A;Log_Normal&#x000D;&#x000A;Log_Normal_Empirical&#x000D;&#x000A;Log_Normal_With_Q&#x000D;&#x000A;Log_Sum&#x000D;&#x000A;Logistic&#x000D;&#x000A;Logistic_Producing&#x000D;&#x000A;Lognormal&#x000D;&#x000A;MCMCCovariance&#x000D;&#x000A;MCMCObjective&#x000D;&#x000A;MCMCSample&#x000D;&#x000A;MPD&#x000D;&#x000A;Maturation&#x000D;&#x000A;Mortality_Constant_Rate&#x000D;&#x000A;Mortality_Event&#x000D;&#x000A;Mortality_Event_Biomass&#x000D;&#x000A;Mortality_Holling_Rate&#x000D;&#x000A;Mortality_Initialisation_Event&#x000D;&#x000A;Mortality_Initialisation_Event_Biomass&#x000D;&#x000A;Mortality_Instantaneous&#x000D;&#x000A;Mortality_Instantaneous_Retained&#x000D;&#x000A;Mortality_Prey_Suitability&#x000D;&#x000A;Multinomial&#x000D;&#x000A;None&#x000D;&#x000A;Nop&#x000D;&#x000A;Normal&#x000D;&#x000A;Normal_By_Stdev&#x000D;&#x000A;Normal_Log&#x000D;&#x000A;Nuisance&#x000D;&#x000A;Objective_Function&#x000D;&#x000A;Observation&#x000D;&#x000A;Off_By_One&#x000D;&#x000A;Orthogonal&#x000D;&#x000A;Output_Parameters&#x000D;&#x000A;Partition&#x000D;&#x000A;Partition_Biomass&#x000D;&#x000A;Partition_Mean_Length&#x000D;&#x000A;Partition_Mean_Weight&#x000D;&#x000A;Partition_Year_Cross_Age_Matrix&#x000D;&#x000A;Process&#x000D;&#x000A;Process_Removals_By_Age&#x000D;&#x000A;Process_Removals_By_Age_Retained&#x000D;&#x000A;Process_Removals_By_Age_Retained_Total&#x000D;&#x000A;Process_Removals_By_Length&#x000D;&#x000A;Process_Removals_By_Length_Retained&#x000D;&#x000A;Process_Removals_By_Length_Retained_Total&#x000D;&#x000A;Process_Removals_By_Weight&#x000D;&#x000A;Project&#x000D;&#x000A;Proportions_At_Age&#x000D;&#x000A;Proportions_At_Length&#x000D;&#x000A;Proportions_By_Category&#x000D;&#x000A;Proportions_Mature_By_Age&#x000D;&#x000A;Proportions_Migrating&#x000D;&#x000A;Pseudo&#x000D;&#x000A;Random_Draw&#x000D;&#x000A;Random_Number_Seed&#x000D;&#x000A;Random_Walk&#x000D;&#x000A;Random_Walk_Metropolis_Hastings&#x000D;&#x000A;Recruitment_Beverton_Holt&#x000D;&#x000A;Recruitment_Beverton_Holt_With_Deviations&#x000D;&#x000A;Recruitment_Constant&#x000D;&#x000A;Schnute&#x000D;&#x000A;Selectivity&#x000D;&#x000A;Simplex&#x000D;&#x000A;Simulated_Observation&#x000D;&#x000A;Square_Root&#x000D;&#x000A;State_Category_By_Age&#x000D;&#x000A;Sum_To_One&#x000D;&#x000A;Survival_Constant_Rate&#x000D;&#x000A;Tag_By_Age&#x000D;&#x000A;Tag_By_Length&#x000D;&#x000A;Tag_Loss&#x000D;&#x000A;Tag_Recapture_By_Age&#x000D;&#x000A;Tag_Recapture_By_Length&#x000D;&#x000A;Time_Varying&#x000D;&#x000A;Transition_Category&#x000D;&#x000A;Transition_Category_By_Age&#x000D;&#x000A;Uniform&#x000D;&#x000A;Uniform_Log&#x000D;&#x000A;Unit_Tester&#x000D;&#x000A;User_Defined&#x000D;&#x000A;Vector_Average&#x000D;&#x000A;Vector_Smoothing&#x000D;&#x000A;Von_Bertalanffy&#x000D;&#x000A;</Keywords>
            <Keywords name="Keywords3">F&#x000D;&#x000A;False&#x000D;&#x000A;T&#x000D;&#x000A;True&#x000D;&#x000A;f&#x000D;&#x000A;false&#x000D;&#x000A;t&#x000D;&#x000A;true&#x000D;&#x000A;</Keywords>
            <Keywords name="Keywords4">a&#x000D;&#x000A;a50&#x000D;&#x000A;active&#x000D;&#x000A;adapt_covariance_matrix_at&#x000D;&#x000A;adapt_stepsize_at&#x000D;&#x000A;adapt_stepsize_method&#x000D;&#x000A;age&#x000D;&#x000A;age_length&#x000D;&#x000A;age_lengths&#x000D;&#x000A;age_plus&#x000D;&#x000A;age_weight&#x000D;&#x000A;age_weight_labels&#x000D;&#x000A;ageing_error&#x000D;&#x000A;alpha&#x000D;&#x000A;ato95&#x000D;&#x000A;b&#x000D;&#x000A;b0&#x000D;&#x000A;b0_initialisation_phase&#x000D;&#x000A;b_max&#x000D;&#x000A;base_weight_units&#x000D;&#x000A;burn_in&#x000D;&#x000A;by_length&#x000D;&#x000A;c&#x000D;&#x000A;casal_initialisation_switch&#x000D;&#x000A;catch&#x000D;&#x000A;catchabilities&#x000D;&#x000A;catchability&#x000D;&#x000A;catches&#x000D;&#x000A;categories&#x000D;&#x000A;categories2&#x000D;&#x000A;category&#x000D;&#x000A;compatibility_option&#x000D;&#x000A;consumption_rate&#x000D;&#x000A;convergence_years&#x000D;&#x000A;correlation_adjustment_diff&#x000D;&#x000A;covariance&#x000D;&#x000A;covariance_adjustment_method&#x000D;&#x000A;crossover_probability&#x000D;&#x000A;cv&#x000D;&#x000A;cv_first&#x000D;&#x000A;cv_last&#x000D;&#x000A;delta&#x000D;&#x000A;derived_quantities&#x000D;&#x000A;derived_quantity&#x000D;&#x000A;detection&#x000D;&#x000A;deviation_values&#x000D;&#x000A;deviation_years&#x000D;&#x000A;df&#x000D;&#x000A;difference_scale&#x000D;&#x000A;dispersion&#x000D;&#x000A;distribution&#x000D;&#x000A;e&#x000D;&#x000A;electivities&#x000D;&#x000A;equation&#x000D;&#x000A;error_type&#x000D;&#x000A;error_value_multiplier&#x000D;&#x000A;estimate_label&#x000D;&#x000A;estimate_labels&#x000D;&#x000A;estimation_phase&#x000D;&#x000A;evaluations&#x000D;&#x000A;exclude_processes&#x000D;&#x000A;exogenous_variable&#x000D;&#x000A;external_gaps&#x000D;&#x000A;file_name&#x000D;&#x000A;final_year&#x000D;&#x000A;first_recent_year_with_no_bias&#x000D;&#x000A;first_year_with_bias&#x000D;&#x000A;fishbox_weight&#x000D;&#x000A;format&#x000D;&#x000A;from&#x000D;&#x000A;gradient_step_size&#x000D;&#x000A;h&#x000D;&#x000A;initial_mortality&#x000D;&#x000A;initial_mortality_selectivity&#x000D;&#x000A;initialisation_phases&#x000D;&#x000A;insert_processes&#x000D;&#x000A;intercept&#x000D;&#x000A;internal_gaps&#x000D;&#x000A;intervals&#x000D;&#x000A;is_abundance&#x000D;&#x000A;iterations&#x000D;&#x000A;k&#x000D;&#x000A;keep&#x000D;&#x000A;l&#x000D;&#x000A;label&#x000D;&#x000A;lambda&#x000D;&#x000A;last_year_with_bias&#x000D;&#x000A;last_year_with_no_bias&#x000D;&#x000A;leapfrog_delta&#x000D;&#x000A;leapfrog_steps&#x000D;&#x000A;length&#x000D;&#x000A;length_based&#x000D;&#x000A;length_bins&#x000D;&#x000A;length_bins_n&#x000D;&#x000A;length_plus&#x000D;&#x000A;length_plus_group&#x000D;&#x000A;length_values&#x000D;&#x000A;length_weight&#x000D;&#x000A;length_weight_cv&#x000D;&#x000A;length_weight_distribution&#x000D;&#x000A;likelihood&#x000D;&#x000A;likelihood_multiplier&#x000D;&#x000A;linf&#x000D;&#x000A;log_scale&#x000D;&#x000A;lognormal_transformation&#x000D;&#x000A;loss_rate&#x000D;&#x000A;loss_rate_selectivities&#x000D;&#x000A;lower_bound&#x000D;&#x000A;m&#x000D;&#x000A;max_age&#x000D;&#x000A;max_correlation&#x000D;&#x000A;max_generations&#x000D;&#x000A;mcmc&#x000D;&#x000A;mean&#x000D;&#x000A;method&#x000D;&#x000A;method_of_removal&#x000D;&#x000A;min_age&#x000D;&#x000A;mortality_instantaneous_process&#x000D;&#x000A;mu&#x000D;&#x000A;multiplier&#x000D;&#x000A;n&#x000D;&#x000A;names&#x000D;&#x000A;normalised_residuals&#x000D;&#x000A;observation&#x000D;&#x000A;observations&#x000D;&#x000A;p1&#x000D;&#x000A;p2&#x000D;&#x000A;parameter&#x000D;&#x000A;pearsons_residuals&#x000D;&#x000A;penalty&#x000D;&#x000A;plus_group&#x000D;&#x000A;population_size&#x000D;&#x000A;predator_categories&#x000D;&#x000A;predator_selectivities&#x000D;&#x000A;prey_categories&#x000D;&#x000A;prey_selectivities&#x000D;&#x000A;prior_applies_to_transform&#x000D;&#x000A;process&#x000D;&#x000A;process_error&#x000D;&#x000A;process_errors&#x000D;&#x000A;processes&#x000D;&#x000A;project&#x000D;&#x000A;projection_final_year&#x000D;&#x000A;projects&#x000D;&#x000A;proportions&#x000D;&#x000A;proposal_distribution&#x000D;&#x000A;q&#x000D;&#x000A;r&#x000D;&#x000A;r0&#x000D;&#x000A;rates&#x000D;&#x000A;relative_m_by_age&#x000D;&#x000A;rho&#x000D;&#x000A;s&#x000D;&#x000A;same&#x000D;&#x000A;scaling_years&#x000D;&#x000A;second_parameter&#x000D;&#x000A;selectivities&#x000D;&#x000A;selectivities2&#x000D;&#x000A;selectivity&#x000D;&#x000A;sigma&#x000D;&#x000A;sigma_l&#x000D;&#x000A;sigma_r&#x000D;&#x000A;simulation_likelihood&#x000D;&#x000A;slope&#x000D;&#x000A;ssb&#x000D;&#x000A;ssb_offset&#x000D;&#x000A;standardise_ycs_years&#x000D;&#x000A;start&#x000D;&#x000A;start_year&#x000D;&#x000A;steepness&#x000D;&#x000A;step_size&#x000D;&#x000A;steps&#x000D;&#x000A;t0&#x000D;&#x000A;tag_loss_rate&#x000D;&#x000A;tag_loss_type&#x000D;&#x000A;tagged_selectivities&#x000D;&#x000A;tau1&#x000D;&#x000A;tau2&#x000D;&#x000A;theta1&#x000D;&#x000A;theta2&#x000D;&#x000A;threads&#x000D;&#x000A;time_step&#x000D;&#x000A;time_step_measurements_were_made&#x000D;&#x000A;time_step_proportion&#x000D;&#x000A;time_step_proportion_method&#x000D;&#x000A;time_step_proportions&#x000D;&#x000A;time_step_ratio&#x000D;&#x000A;time_steps&#x000D;&#x000A;time_varying&#x000D;&#x000A;to&#x000D;&#x000A;tolerance&#x000D;&#x000A;total_categories&#x000D;&#x000A;transform_with_jacobian&#x000D;&#x000A;transformation&#x000D;&#x000A;type&#x000D;&#x000A;u_max&#x000D;&#x000A;units&#x000D;&#x000A;upper_bound&#x000D;&#x000A;v&#x000D;&#x000A;value&#x000D;&#x000A;values&#x000D;&#x000A;weight_bins&#x000D;&#x000A;write_mode&#x000D;&#x000A;x&#x000D;&#x000A;x0&#x000D;&#x000A;x1&#x000D;&#x000A;x2&#x000D;&#x000A;y0&#x000D;&#x000A;y1&#x000D;&#x000A;y2&#x000D;&#x000A;ycs_values&#x000D;&#x000A;ycs_years&#x000D;&#x000A;year&#x000D;&#x000A;years&#x000D;&#x000A;</Keywords>            <Keywords name="Keywords5"></Keywords>
            <Keywords name="Keywords6"></Keywords>
            <Keywords name="Keywords7"></Keywords>
            <Keywords name="Keywords8">!include&#x000D;&#x000A;</Keywords>
            <Keywords name="Delimiters">00&quot; 01 02&quot; 03 04 05 06 07 08 09 10 11 12 13 14 15 16 17 18 19 20 21 22 23</Keywords>
        </KeywordLists>
        <Styles>
            <WordsStyle name="DEFAULT" fgColor="000000" bgColor="FFFFFF" fontName="&#x6180;&#xC305;&#x0273;" fontStyle="0" nesting="0" />
            <WordsStyle name="COMMENTS" fgColor="808040" bgColor="FFFFFF" fontName="0" fontStyle="0" nesting="0" />
            <WordsStyle name="LINE COMMENTS" fgColor="808040" bgColor="FFFFFF" fontName="" fontStyle="0" nesting="0" />
            <WordsStyle name="NUMBERS" fgColor="000000" bgColor="FFFFFF" fontName="0" fontStyle="0" nesting="0" />
            <WordsStyle name="KEYWORDS1" fgColor="FF0000" bgColor="FFFFFF" fontName="4" fontStyle="1" nesting="0" />
            <WordsStyle name="KEYWORDS2" fgColor="0000FF" bgColor="FFFFFF" fontName="" fontStyle="0" nesting="0" />
            <WordsStyle name="KEYWORDS3" fgColor="800000" bgColor="FFFFFF" fontName="Backup" fontStyle="1" nesting="0" />
            <WordsStyle name="KEYWORDS4" fgColor="8080FF" bgColor="FFFFFF" fontName="" fontStyle="0" nesting="0" />
            <WordsStyle name="KEYWORDS5" fgColor="000000" bgColor="FFFFFF" fontName="" fontStyle="0" nesting="0" />
            <WordsStyle name="KEYWORDS6" fgColor="000000" bgColor="FFFFFF" fontName="MRU" fontStyle="0" nesting="0" />
            <WordsStyle name="KEYWORDS7" fgColor="000000" bgColor="FFFFFF" fontName="&#x7020;&#xC305;&#x0273;" fontStyle="0" nesting="0" />
            <WordsStyle name="KEYWORDS8" fgColor="FF0000" bgColor="FFFFFF" fontName="4" fontStyle="3" nesting="0" />
            <WordsStyle name="FOLDER IN CODE1" fgColor="000000" bgColor="FFFFFF" fontName="&#x9BD0;&#xC312;&#x0273;" fontStyle="0" nesting="0" />
            <WordsStyle name="FOLDER IN CODE2" fgColor="000000" bgColor="FFFFFF" fontName="&#x6D80;&#xC305;&#x0273;" fontStyle="0" nesting="0" />
            <WordsStyle name="FOLDER IN COMMENT" fgColor="000000" bgColor="FFFFFF" fontName="Caret" fontStyle="0" nesting="0" />
            <WordsStyle name="DELIMITERS1" fgColor="804000" bgColor="FFFFFF" fontName="no" fontStyle="0" nesting="0" />
            <WordsStyle name="DELIMITERS2" fgColor="000000" bgColor="FFFFFF" fontName="&#x6FF0;&#xC305;&#x0273;" fontStyle="0" nesting="0" />
            <WordsStyle name="DELIMITERS3" fgColor="000000" bgColor="FFFFFF" fontName="" fontStyle="0" nesting="0" />
            <WordsStyle name="DELIMITERS4" fgColor="000000" bgColor="FFFFFF" fontName="no" fontStyle="0" nesting="0" />
            <WordsStyle name="DELIMITERS5" fgColor="000000" bgColor="FFFFFF" fontName="box" fontStyle="0" nesting="0" />
            <WordsStyle name="DELIMITERS6" fgColor="000000" bgColor="FFFFFF" fontName="no" fontStyle="0" nesting="0" />
            <WordsStyle name="DELIMITERS7" fgColor="000000" bgColor="FFFFFF" fontName="2" fontStyle="0" nesting="0" />
            <WordsStyle name="DELIMITERS8" fgColor="000000" bgColor="FFFFFF" fontName="" fontStyle="0" nesting="0" />
        </Styles>
    </UserLang>
</NotepadPlus>
